Airline,Date_of_Journey,Source,Destination,Route,Dep_Time,Arrival_Time,Duration,Total_Stops,Additional_Info,Price
IndiGo,24/03/2019,Banglore,New Delhi,BLR → DEL,22:20,3/22/2022 1:10,2h 50m,non-stop,No info,3897
Air India,1/5/2019,Kolkata,Banglore,CCU → IXR → BBI → BLR,5:50,13:15,7h 25m,2 stops,No info,7662
Jet Airways,9/6/2019,Delhi,Cochin,DEL → LKO → BOM → COK,9:25,6/10/2022 4:25,19h,2 stops,No info,13882
IndiGo,12/5/2019,Kolkata,Banglore,CCU → NAG → BLR,18:05,23:30,5h 25m,1 stop,No info,6218
IndiGo,1/3/2019,Banglore,New Delhi,BLR → NAG → DEL,16:50,21:35,4h 45m,1 stop,No info,13302
SpiceJet,24/06/2019,Kolkata,Banglore,CCU → BLR,9:00,11:25,2h 25m,non-stop,No info,3873
Jet Airways,12/3/2019,Banglore,New Delhi,BLR → BOM → DEL,18:55,3/13/2022 10:25,15h 30m,1 stop,In-flight meal not included,11087
Jet Airways,1/3/2019,Banglore,New Delhi,BLR → BOM → DEL,8:00,3/2/2022 5:05,21h 5m,1 stop,No info,22270
Jet Airways,12/3/2019,Banglore,New Delhi,BLR → BOM → DEL,8:55,3/13/2022 10:25,25h 30m,1 stop,In-flight meal not included,11087
Multiple carriers,27/05/2019,Delhi,Cochin,DEL → BOM → COK,11:25,19:15,7h 50m,1 stop,No info,8625
Air India,1/6/2019,Delhi,Cochin,DEL → BLR → COK,9:45,23:00,13h 15m,1 stop,No info,8907
IndiGo,18/04/2019,Kolkata,Banglore,CCU → BLR,20:20,22:55,2h 35m,non-stop,No info,4174
Air India,24/06/2019,Chennai,Kolkata,MAA → CCU,11:40,13:55,2h 15m,non-stop,No info,4667
Jet Airways,9/5/2019,Kolkata,Banglore,CCU → BOM → BLR,21:10,5/10/2022 9:20,12h 10m,1 stop,In-flight meal not included,9663
IndiGo,24/04/2019,Kolkata,Banglore,CCU → BLR,17:15,19:50,2h 35m,non-stop,No info,4804
Air India,3/3/2019,Delhi,Cochin,DEL → AMD → BOM → COK,16:40,3/4/2022 19:15,26h 35m,2 stops,No info,14011
SpiceJet,15/04/2019,Delhi,Cochin,DEL → PNQ → COK,8:45,13:15,4h 30m,1 stop,No info,5830
Jet Airways,12/6/2019,Delhi,Cochin,DEL → BOM → COK,14:00,6/13/2022 12:35,22h 35m,1 stop,In-flight meal not included,10262
Air India,12/6/2019,Delhi,Cochin,DEL → CCU → BOM → COK,20:15,6/13/2022 19:15,23h,2 stops,No info,13381
Jet Airways,27/05/2019,Delhi,Cochin,DEL → BOM → COK,16:00,5/28/2022 12:35,20h 35m,1 stop,In-flight meal not included,12898
GoAir,6/3/2019,Delhi,Cochin,DEL → BOM → COK,14:10,19:20,5h 10m,1 stop,No info,19495
Air India,21/03/2019,Banglore,New Delhi,BLR → COK → DEL,22:00,3/19/2022 13:20,15h 20m,1 stop,No info,6955
IndiGo,3/4/2019,Banglore,Delhi,BLR → DEL,4:00,6:50,2h 50m,non-stop,No info,3943
IndiGo,1/5/2019,Banglore,Delhi,BLR → DEL,18:55,21:50,2h 55m,non-stop,No info,4823
Jet Airways,6/5/2019,Kolkata,Banglore,CCU → BOM → BLR,18:55,5/7/2022 8:15,13h 20m,1 stop,In-flight meal not included,7757
Jet Airways,9/6/2019,Delhi,Cochin,DEL → IDR → BOM → COK,21:25,6/10/2022 12:35,15h 10m,2 stops,No info,13292
IndiGo,1/6/2019,Delhi,Cochin,DEL → LKO → COK,21:50,6/2/2022 3:35,5h 45m,1 stop,No info,8238
GoAir,15/05/2019,Delhi,Cochin,DEL → BOM → COK,7:00,12:55,5h 55m,1 stop,No info,7682
Vistara,18/06/2019,Banglore,Delhi,BLR → DEL,9:45,12:35,2h 50m,non-stop,No info,4668
Vistara,15/06/2019,Chennai,Kolkata,MAA → CCU,7:05,9:20,2h 15m,non-stop,No info,3687
Vistara,18/06/2019,Chennai,Kolkata,MAA → CCU,7:05,9:20,2h 15m,non-stop,No info,3687
Air India,1/5/2019,Kolkata,Banglore,CCU → GAU → DEL → BLR,9:50,23:15,13h 25m,2 stops,No info,13227
IndiGo,6/4/2019,Banglore,Delhi,BLR → DEL,4:00,6:50,2h 50m,non-stop,No info,4423
Jet Airways,15/06/2019,Delhi,Cochin,DEL → NAG → BOM → COK,14:35,6/16/2022 12:35,22h,2 stops,In-flight meal not included,10919
Jet Airways,18/05/2019,Delhi,Cochin,DEL → BOM → COK,7:05,12:35,5h 30m,1 stop,In-flight meal not included,12373
IndiGo,27/06/2019,Delhi,Cochin,DEL → BOM → COK,10:35,21:00,10h 25m,1 stop,No info,5894
SpiceJet,21/05/2019,Kolkata,Banglore,CCU → MAA → BLR,15:05,20:20,5h 15m,1 stop,No info,4649
Air India,18/05/2019,Kolkata,Banglore,CCU → BLR,14:15,16:45,2h 30m,non-stop,No info,6245
Jet Airways,6/3/2019,Banglore,New Delhi,BLR → BOM → DEL,7:00,13:15,6h 15m,1 stop,No info,19225
Jet Airways,3/6/2019,Delhi,Cochin,DEL → BOM → COK,7:05,19:00,11h 55m,1 stop,No info,14924
Multiple carriers,21/05/2019,Delhi,Cochin,DEL → HYD → COK,7:05,18:10,11h 5m,1 stop,No info,9646
Air India,15/03/2019,Banglore,New Delhi,BLR → BOM → DEL,6:45,15:15,8h 30m,1 stop,No info,8714
Jet Airways,18/05/2019,Delhi,Cochin,DEL → BOM → COK,20:55,5/19/2022 19:00,22h 5m,1 stop,In-flight meal not included,12373
Air Asia,6/5/2019,Banglore,Delhi,BLR → DEL,11:10,13:55,2h 45m,non-stop,No info,3383
Multiple carriers,21/03/2019,Delhi,Cochin,DEL → BOM → COK,9:00,21:00,12h,1 stop,No info,13062
SpiceJet,24/03/2019,Banglore,New Delhi,BLR → DEL,5:45,8:35,2h 50m,non-stop,No check-in baggage included,3527
IndiGo,27/05/2019,Banglore,Delhi,BLR → DEL,4:00,6:50,2h 50m,non-stop,No info,3943
Air India,3/5/2019,Chennai,Kolkata,MAA → CCU,11:40,13:55,2h 15m,non-stop,No info,4667
Air India,15/05/2019,Kolkata,Banglore,CCU → HYD → BLR,19:00,5/16/2022 11:05,16h 5m,1 stop,No info,6117
Jet Airways,27/06/2019,Delhi,Cochin,DEL → AMD → BOM → COK,23:05,6/28/2022 19:00,19h 55m,2 stops,In-flight meal not included,11150
Jet Airways,9/3/2019,Delhi,Cochin,DEL → COK,11:00,14:15,3h 15m,non-stop,In-flight meal not included,7202
Jet Airways,1/5/2019,Kolkata,Banglore,CCU → DEL → BLR,9:35,5/2/2022 10:55,25h 20m,1 stop,No info,12121
IndiGo,24/03/2019,Banglore,New Delhi,BLR → DEL,22:20,3/28/2022 1:10,2h 50m,non-stop,No info,4377
IndiGo,18/06/2019,Banglore,Delhi,BLR → DEL,21:15,6/19/2022 0:15,3h,non-stop,No info,3943
Air Asia,3/4/2019,Banglore,Delhi,BLR → DEL,23:55,4/4/2022 2:45,2h 50m,non-stop,No info,4483
Jet Airways,24/03/2019,Kolkata,Banglore,CCU → BOM → BLR,19:45,3/25/2022 12:00,16h 15m,1 stop,No info,14231
Air India,1/3/2019,Banglore,New Delhi,BLR → BOM → AMD → DEL,8:50,23:55,15h 5m,2 stops,No info,17345
Vistara,6/3/2019,Chennai,Kolkata,MAA → CCU,7:05,9:20,2h 15m,non-stop,No info,7414
Multiple carriers,6/5/2019,Delhi,Cochin,DEL → BOM → COK,19:00,5/7/2022 1:30,6h 30m,1 stop,No info,8073
Vistara,6/3/2019,Mumbai,Hyderabad,BOM → DEL → HYD,15:40,3/7/2022 16:45,25h 5m,1 stop,No info,12395
Air India,6/6/2019,Kolkata,Banglore,CCU → BOM → BLR,9:25,21:50,12h 25m,1 stop,No info,8366
Air India,3/4/2019,Delhi,Cochin,DEL → MAA → COK,6:05,4/4/2022 9:25,27h 20m,1 stop,No info,5117
Multiple carriers,3/6/2019,Delhi,Cochin,DEL → BOM → COK,8:45,19:00,10h 15m,1 stop,No info,12524
IndiGo,15/05/2019,Delhi,Cochin,DEL → BOM → COK,15:00,5/16/2022 1:30,10h 30m,1 stop,No info,7191
Vistara,24/05/2019,Chennai,Kolkata,MAA → CCU,7:05,9:20,2h 15m,non-stop,No info,3687
IndiGo,24/06/2019,Delhi,Cochin,DEL → BOM → COK,10:35,21:00,10h 25m,1 stop,No info,5894
Vistara,24/04/2019,Banglore,Delhi,BLR → DEL,9:45,12:35,2h 50m,non-stop,No info,5403
Air India,6/5/2019,Mumbai,Hyderabad,BOM → HYD,13:55,15:25,1h 30m,non-stop,No info,3625
Air India,21/05/2019,Delhi,Cochin,DEL → BHO → BOM → COK,5:55,19:15,13h 20m,2 stops,No info,10861
IndiGo,12/3/2019,Chennai,Kolkata,MAA → CCU,13:20,15:35,2h 15m,non-stop,No info,6297
Jet Airways,1/6/2019,Mumbai,Hyderabad,BOM → HYD,7:05,8:30,1h 25m,non-stop,No info,5678
Jet Airways,9/3/2019,Banglore,New Delhi,BLR → BOM → DEL,5:45,3/13/2022 8:15,26h 30m,1 stop,In-flight meal not included,9134
Multiple carriers,24/06/2019,Delhi,Cochin,DEL → BOM → COK,11:40,19:00,7h 20m,1 stop,In-flight meal not included,10791
Jet Airways,24/06/2019,Delhi,Cochin,DEL → AMD → BOM → COK,23:05,6/25/2022 12:35,13h 30m,2 stops,No info,12819
IndiGo,21/03/2019,Delhi,Cochin,DEL → BLR → COK,5:05,10:05,5h,1 stop,No info,6893
Vistara,9/3/2019,Banglore,New Delhi,BLR → DEL,9:50,12:35,2h 45m,non-stop,No info,7240
GoAir,3/4/2019,Banglore,Delhi,BLR → DEL,11:40,14:30,2h 50m,non-stop,No info,3898
IndiGo,3/4/2019,Mumbai,Hyderabad,BOM → HYD,6:25,7:55,1h 30m,non-stop,No info,4049
Jet Airways,15/06/2019,Delhi,Cochin,DEL → BOM → COK,17:30,6/16/2022 12:35,19h 5m,1 stop,In-flight meal not included,10262
SpiceJet,21/03/2019,Chennai,Kolkata,MAA → CCU,8:20,10:35,2h 15m,non-stop,No check-in baggage included,3332
Jet Airways,9/6/2019,Kolkata,Banglore,CCU → BOM → BLR,21:10,6/10/2022 12:00,14h 50m,1 stop,In-flight meal not included,10844
Jet Airways,24/03/2019,Banglore,New Delhi,BLR → DEL,19:55,22:35,2h 40m,non-stop,No info,7229
Jet Airways,6/5/2019,Kolkata,Banglore,CCU → BOM → BLR,6:30,5/7/2022 4:40,22h 10m,1 stop,No info,13941
IndiGo,27/06/2019,Delhi,Cochin,DEL → BOM → COK,11:25,21:00,9h 35m,1 stop,No info,5894
Multiple carriers,18/05/2019,Delhi,Cochin,DEL → BOM → COK,9:00,19:00,10h,1 stop,No info,10197
Jet Airways,6/3/2019,Banglore,New Delhi,BLR → BOM → DEL,14:05,3/7/2022 11:25,21h 20m,1 stop,In-flight meal not included,13712
IndiGo,24/06/2019,Delhi,Cochin,DEL → MAA → COK,2:00,7:25,5h 25m,1 stop,No info,5636
Jet Airways,6/6/2019,Delhi,Cochin,DEL → JAI → BOM → COK,9:40,6/7/2022 4:25,18h 45m,2 stops,No info,13014
Jet Airways,1/4/2019,Kolkata,Banglore,CCU → BOM → BLR,8:25,20:45,12h 20m,1 stop,In-flight meal not included,7064
Jet Airways,24/05/2019,Kolkata,Banglore,CCU → DEL → BLR,20:25,5/25/2022 14:25,18h,1 stop,In-flight meal not included,10703
Multiple carriers,27/05/2019,Delhi,Cochin,DEL → HYD → COK,13:15,22:30,9h 15m,1 stop,No info,9646
Multiple carriers,6/3/2019,Delhi,Cochin,DEL → BOM → COK,2:15,13:20,11h 5m,1 stop,No info,17057
Jet Airways,12/3/2019,Banglore,New Delhi,BLR → BOM → DEL,16:55,3/13/2022 10:25,17h 30m,1 stop,No info,13817
Air India,6/3/2019,Delhi,Cochin,DEL → BHO → BOM → COK,5:55,19:15,13h 20m,2 stops,No info,13748
Air India,21/04/2019,Kolkata,Banglore,CCU → BLR,20:45,23:20,2h 35m,non-stop,No info,4880
IndiGo,21/06/2019,Chennai,Kolkata,MAA → CCU,5:15,7:40,2h 25m,non-stop,No info,3540
SpiceJet,15/05/2019,Banglore,Delhi,BLR → DEL,5:55,8:35,2h 40m,non-stop,No check-in baggage included,3257
Jet Airways,3/6/2019,Banglore,Delhi,BLR → DEL,19:50,22:50,3h,non-stop,In-flight meal not included,6478
Jet Airways,18/06/2019,Mumbai,Hyderabad,BOM → HYD,7:05,8:30,1h 25m,non-stop,No info,8040
Jet Airways,12/6/2019,Delhi,Cochin,DEL → ATQ → BOM → COK,20:00,6/13/2022 12:35,16h 35m,2 stops,No info,14300
Jet Airways,15/05/2019,Kolkata,Banglore,CCU → BOM → BLR,8:25,20:45,12h 20m,1 stop,No info,14781
Jet Airways,9/6/2019,Kolkata,Banglore,CCU → BOM → BLR,20:00,6/10/2022 8:15,12h 15m,1 stop,No info,14939
Jet Airways,24/06/2019,Delhi,Cochin,DEL → BOM → COK,20:55,6/25/2022 4:25,7h 30m,1 stop,In-flight meal not included,10262
Air India,12/5/2019,Kolkata,Banglore,CCU → MAA → BLR,14:35,5/13/2022 14:35,24h,1 stop,No info,6528
Air India,1/5/2019,Banglore,Delhi,BLR → DEL,6:10,8:55,2h 45m,non-stop,No info,6121
Jet Airways,18/05/2019,Delhi,Cochin,DEL → JAI → BOM → COK,19:30,5/19/2022 4:25,8h 55m,2 stops,In-flight meal not included,13029
Multiple carriers,27/03/2019,Delhi,Cochin,DEL → BOM → COK,11:40,18:50,7h 10m,1 stop,No info,11421
Multiple carriers,27/03/2019,Delhi,Cochin,DEL → BOM → COK,4:45,19:15,14h 30m,1 stop,No info,7574
Air India,9/5/2019,Delhi,Cochin,DEL → JDH → BOM → COK,12:55,5/10/2022 19:15,30h 20m,2 stops,No info,11596
Jet Airways,24/05/2019,Delhi,Cochin,DEL → AMD → BOM → COK,23:05,5/25/2022 19:00,19h 55m,2 stops,No info,15129
Jet Airways,18/03/2019,Banglore,New Delhi,BLR → BOM → DEL,14:05,3/16/2022 5:05,15h,1 stop,No info,13555
IndiGo,12/4/2019,Banglore,Delhi,BLR → DEL,18:55,21:50,2h 55m,non-stop,No info,5780
Vistara,12/5/2019,Kolkata,Banglore,CCU → DEL → BLR,20:20,5/13/2022 9:05,12h 45m,1 stop,No info,9397
Jet Airways,6/3/2019,Delhi,Cochin,DEL → BOM → COK,18:15,3/7/2022 4:25,10h 10m,1 stop,No info,17024
GoAir,27/06/2019,Delhi,Cochin,DEL → BOM → COK,7:00,12:55,5h 55m,1 stop,No info,5281
Multiple carriers,18/05/2019,Delhi,Cochin,DEL → HYD → COK,7:05,22:30,15h 25m,1 stop,No info,10348
Air India,6/3/2019,Delhi,Cochin,DEL → MAA → COK,17:20,3/7/2022 9:25,16h 5m,1 stop,No info,12677
Multiple carriers,3/3/2019,Delhi,Cochin,DEL → BOM → COK,15:25,3/4/2022 1:35,10h 10m,1 stop,No info,15147
Vistara,12/6/2019,Banglore,Delhi,BLR → DEL,7:00,9:40,2h 40m,non-stop,No info,4668
Jet Airways,9/5/2019,Delhi,Cochin,DEL → BOM → COK,7:05,19:00,11h 55m,1 stop,No info,15554
SpiceJet,9/4/2019,Banglore,Delhi,BLR → DEL,5:55,8:35,2h 40m,non-stop,No info,3971
Air India,3/5/2019,Mumbai,Hyderabad,BOM → HYD,15:00,16:25,1h 25m,non-stop,No info,3100
Jet Airways,6/5/2019,Kolkata,Banglore,CCU → BOM → BLR,20:00,5/7/2022 10:05,14h 5m,1 stop,In-flight meal not included,9663
Air India,1/3/2019,Delhi,Cochin,DEL → BOM → COK,23:00,3/2/2022 19:15,20h 15m,1 stop,No info,27430
IndiGo,12/5/2019,Chennai,Kolkata,MAA → CCU,5:15,7:40,2h 25m,non-stop,No info,3540
Air India,21/05/2019,Kolkata,Banglore,CCU → BBI → BOM → BLR,12:00,5/22/2022 11:10,23h 10m,2 stops,No info,10676
Jet Airways,12/6/2019,Kolkata,Banglore,CCU → BOM → BLR,14:05,6/13/2022 8:15,18h 10m,1 stop,No info,13044
Jet Airways,6/5/2019,Kolkata,Banglore,CCU → BOM → BLR,20:00,5/7/2022 12:00,16h,1 stop,No info,14388
IndiGo,24/06/2019,Banglore,Delhi,BLR → DEL,4:00,6:50,2h 50m,non-stop,No info,3943
IndiGo,3/6/2019,Chennai,Kolkata,MAA → CCU,14:45,17:05,2h 20m,non-stop,No info,3597
Air India,21/03/2019,Banglore,New Delhi,BLR → MAA → DEL,11:50,19:50,8h,1 stop,No info,5932
Jet Airways,15/06/2019,Delhi,Cochin,DEL → BOM → COK,11:30,6/16/2022 4:25,16h 55m,1 stop,In-flight meal not included,10262
Vistara,12/5/2019,Delhi,Cochin,DEL → COK,14:40,17:50,3h 10m,non-stop,No info,6216
IndiGo,15/06/2019,Kolkata,Banglore,CCU → BLR,20:25,23:10,2h 45m,non-stop,No info,4804
Multiple carriers,21/05/2019,Delhi,Cochin,DEL → BOM → COK,11:30,5/22/2022 1:30,14h,1 stop,No info,14067
Jet Airways,18/05/2019,Delhi,Cochin,DEL → AMD → BOM → COK,19:10,5/19/2022 19:00,23h 50m,2 stops,No info,15129
Jet Airways,6/6/2019,Delhi,Cochin,DEL → NAG → BOM → COK,6:45,6/7/2022 4:25,21h 40m,2 stops,No info,13376
Air India,27/06/2019,Delhi,Cochin,DEL → GOI → BOM → COK,22:00,6/28/2022 19:15,21h 15m,2 stops,No info,10441
Jet Airways,24/05/2019,Banglore,Delhi,BLR → DEL,6:00,8:45,2h 45m,non-stop,In-flight meal not included,4030
Jet Airways,3/3/2019,Delhi,Cochin,DEL → BOM → COK,8:00,18:50,10h 50m,1 stop,No info,17024
Multiple carriers,9/4/2019,Delhi,Cochin,DEL → BOM → COK,17:30,4/10/2022 1:30,8h,1 stop,No info,13017
GoAir,6/6/2019,Kolkata,Banglore,CCU → BOM → BLR,23:30,6/7/2022 7:45,8h 15m,1 stop,No info,6686
IndiGo,15/06/2019,Delhi,Cochin,DEL → MAA → COK,2:00,7:25,5h 25m,1 stop,No info,5636
IndiGo,9/6/2019,Delhi,Cochin,DEL → HYD → COK,7:35,16:10,8h 35m,1 stop,No info,6442
Multiple carriers,21/05/2019,Delhi,Cochin,DEL → HYD → COK,13:05,5/22/2022 0:55,11h 50m,1 stop,No info,9486
Jet Airways,21/05/2019,Kolkata,Banglore,CCU → BOM → BLR,20:00,5/22/2022 23:35,27h 35m,1 stop,In-flight meal not included,10844
Jet Airways,3/6/2019,Delhi,Cochin,DEL → ATQ → BOM → COK,20:00,6/4/2022 4:25,8h 25m,2 stops,In-flight meal not included,15318
Air India,3/4/2019,Delhi,Cochin,DEL → MAA → COK,12:30,4/4/2022 9:25,20h 55m,1 stop,No info,5117
IndiGo,24/06/2019,Delhi,Cochin,DEL → BLR → COK,15:10,20:00,4h 50m,1 stop,No info,6147
Multiple carriers,9/6/2019,Delhi,Cochin,DEL → BOM → COK,12:50,21:00,8h 10m,1 stop,No info,7005
SpiceJet,3/4/2019,Kolkata,Banglore,CCU → BLR,22:20,4/4/2022 0:40,2h 20m,non-stop,No info,3873
Jet Airways,21/03/2019,Delhi,Cochin,DEL → BDQ → BOM → COK,18:25,3/22/2022 18:50,24h 25m,2 stops,In-flight meal not included,9270
GoAir,27/06/2019,Banglore,Delhi,BLR → DEL,11:40,14:30,2h 50m,non-stop,No info,3898
Jet Airways,12/5/2019,Kolkata,Banglore,CCU → BOM → BLR,8:25,20:45,12h 20m,1 stop,No info,14781
Jet Airways,24/05/2019,Kolkata,Banglore,CCU → BOM → BLR,20:00,5/25/2022 8:15,12h 15m,1 stop,In-flight meal not included,8586
Air India,9/5/2019,Kolkata,Banglore,CCU → JAI → BOM → BLR,8:20,5/10/2022 7:55,23h 35m,2 stops,No info,10697
Jet Airways,27/06/2019,Delhi,Cochin,DEL → ATQ → BOM → COK,20:00,6/28/2022 12:35,16h 35m,2 stops,No info,14300
IndiGo,3/3/2019,Banglore,New Delhi,BLR → DEL,18:55,21:45,2h 50m,non-stop,No info,8855
Jet Airways,12/5/2019,Kolkata,Banglore,CCU → BOM → BLR,16:30,5/13/2022 18:15,25h 45m,1 stop,In-flight meal not included,10844
Jet Airways,6/3/2019,Delhi,Cochin,DEL → BOM → COK,2:15,3/7/2022 4:25,26h 10m,1 stop,No info,17024
Jet Airways,1/5/2019,Kolkata,Banglore,CCU → DEL → BLR,9:35,5/2/2022 14:25,28h 50m,1 stop,In-flight meal not included,9314
IndiGo,24/03/2019,Banglore,New Delhi,BLR → DEL,0:40,3:25,2h 45m,non-stop,No info,4777
Air India,9/6/2019,Kolkata,Banglore,CCU → BBI → BLR,12:00,6/10/2022 13:15,25h 15m,1 stop,No info,7662
IndiGo,9/5/2019,Delhi,Cochin,DEL → HYD → COK,6:50,16:10,9h 20m,1 stop,No info,6442
SpiceJet,12/6/2019,Delhi,Cochin,DEL → PNQ → COK,8:45,13:15,4h 30m,1 stop,No info,5264
Jet Airways,27/05/2019,Delhi,Cochin,DEL → BOM → COK,13:00,5/28/2022 4:25,15h 25m,1 stop,In-flight meal not included,12898
Air India,3/3/2019,Mumbai,Hyderabad,BOM → HYD,13:55,15:25,1h 30m,non-stop,No info,6092
SpiceJet,21/05/2019,Banglore,Delhi,BLR → DEL,5:55,8:35,2h 40m,non-stop,No info,3311
Jet Airways,27/03/2019,Delhi,Cochin,DEL → BOM → COK,19:15,3/28/2022 4:25,9h 10m,1 stop,In-flight meal not included,6540
IndiGo,27/05/2019,Banglore,Delhi,BLR → DEL,1:30,4:15,2h 45m,non-stop,No info,3419
Jet Airways,3/4/2019,Delhi,Cochin,DEL → BOM → COK,14:00,4/4/2022 12:35,22h 35m,1 stop,In-flight meal not included,5177
Air India,18/04/2019,Delhi,Cochin,DEL → COK,18:05,21:10,3h 5m,non-stop,No info,8246
Jet Airways,9/6/2019,Kolkata,Banglore,CCU → DEL → BLR,9:35,21:05,11h 30m,1 stop,No info,14676
Multiple carriers,27/06/2019,Delhi,Cochin,DEL → BOM → COK,11:30,21:00,9h 30m,1 stop,No info,13587
Jet Airways,6/5/2019,Kolkata,Banglore,CCU → BOM → BLR,21:10,5/7/2022 9:20,12h 10m,1 stop,In-flight meal not included,9663
Jet Airways,12/6/2019,Kolkata,Banglore,CCU → BOM → BLR,16:30,6/13/2022 10:05,17h 35m,1 stop,No info,13044
IndiGo,3/4/2019,Delhi,Cochin,DEL → BOM → COK,20:25,4/4/2022 1:30,5h 5m,1 stop,No info,5073
Vistara,21/05/2019,Kolkata,Banglore,CCU → DEL → BLR,17:00,5/22/2022 18:50,25h 50m,1 stop,No info,9345
Jet Airways,6/5/2019,Kolkata,Banglore,CCU → BOM → BLR,14:05,5/7/2022 10:05,20h,1 stop,In-flight meal not included,9663
Multiple carriers,21/05/2019,Delhi,Cochin,DEL → BOM → COK,8:00,21:00,13h,1 stop,No info,14277
Jet Airways,1/6/2019,Delhi,Cochin,DEL → BOM → COK,10:00,6/2/2022 4:25,18h 25m,1 stop,In-flight meal not included,10262
Jet Airways,27/03/2019,Mumbai,Hyderabad,BOM → HYD,19:35,21:05,1h 30m,non-stop,No info,5678
Multiple carriers,15/05/2019,Delhi,Cochin,DEL → BOM → COK,16:00,5/16/2022 1:30,9h 30m,1 stop,No info,13727
Jet Airways,6/5/2019,Kolkata,Banglore,CCU → BOM → BLR,20:00,5/7/2022 12:00,16h,1 stop,In-flight meal not included,9663
IndiGo,12/5/2019,Chennai,Kolkata,MAA → CCU,14:45,17:05,2h 20m,non-stop,No info,3858
SpiceJet,24/06/2019,Delhi,Cochin,DEL → PNQ → COK,8:45,13:15,4h 30m,1 stop,No info,4812
IndiGo,27/06/2019,Delhi,Cochin,DEL → LKO → COK,21:50,6/28/2022 3:35,5h 45m,1 stop,No info,5775
Jet Airways,6/6/2019,Kolkata,Banglore,CCU → DEL → BLR,9:35,6/7/2022 9:45,24h 10m,1 stop,In-flight meal not included,10539
IndiGo,3/6/2019,Kolkata,Banglore,CCU → BLR,15:30,18:05,2h 35m,non-stop,No info,4804
Air Asia,12/6/2019,Banglore,Delhi,BLR → DEL,11:10,13:55,2h 45m,non-stop,No info,3383
IndiGo,3/3/2019,Banglore,New Delhi,BLR → HYD → DEL,12:10,17:05,4h 55m,1 stop,No info,8738
Air India,27/03/2019,Delhi,Cochin,DEL → TRV → COK,5:15,3/28/2022 6:50,25h 35m,1 stop,No info,7165
IndiGo,24/06/2019,Delhi,Cochin,DEL → HYD → COK,16:10,22:30,6h 20m,1 stop,No info,6412
Jet Airways,27/06/2019,Banglore,Delhi,BLR → DEL,18:55,22:00,3h 5m,non-stop,No info,8016
Jet Airways,12/3/2019,Banglore,New Delhi,BLR → BOM → DEL,20:35,3/13/2022 15:15,18h 40m,1 stop,In-flight meal not included,11087
SpiceJet,27/06/2019,Chennai,Kolkata,MAA → CCU,9:45,12:00,2h 15m,non-stop,No check-in baggage included,3543
Jet Airways,12/6/2019,Kolkata,Banglore,CCU → BOM → BLR,16:30,6/13/2022 4:40,12h 10m,1 stop,No info,12471
Jet Airways,24/06/2019,Delhi,Cochin,DEL → BOM → COK,9:00,6/25/2022 4:25,19h 25m,1 stop,In-flight meal not included,10262
Air India,18/03/2019,Banglore,New Delhi,BLR → DEL,13:20,16:10,2h 50m,non-stop,No info,4441
Multiple carriers,27/03/2019,Delhi,Cochin,DEL → BOM → COK,7:05,15:30,8h 25m,1 stop,No info,12537
GoAir,24/03/2019,Kolkata,Banglore,CCU → BOM → BLR,22:25,3/25/2022 7:40,9h 15m,1 stop,No info,10091
Air India,3/6/2019,Banglore,Delhi,BLR → DEL,21:05,23:55,2h 50m,non-stop,No info,6961
IndiGo,24/04/2019,Delhi,Cochin,DEL → COK,5:35,8:50,3h 15m,non-stop,No info,5013
Air India,18/05/2019,Delhi,Cochin,DEL → COK,5:10,8:00,2h 50m,non-stop,No info,6934
Multiple carriers,3/6/2019,Delhi,Cochin,DEL → BOM → COK,6:40,19:00,12h 20m,1 stop,No info,10877
Jet Airways,18/04/2019,Banglore,Delhi,BLR → DEL,15:15,18:10,2h 55m,non-stop,No info,7229
IndiGo,27/03/2019,Delhi,Cochin,DEL → BOM → COK,16:00,3/28/2022 1:35,9h 35m,1 stop,No info,7048
Vistara,27/06/2019,Banglore,Delhi,BLR → DEL,17:00,19:35,2h 35m,non-stop,No info,4878
Jet Airways,21/05/2019,Kolkata,Banglore,CCU → BOM → BLR,14:05,23:35,9h 30m,1 stop,In-flight meal not included,10844
Jet Airways,18/05/2019,Delhi,Cochin,DEL → AMD → BOM → COK,23:05,5/20/2022 4:25,29h 20m,2 stops,No info,15129
IndiGo,12/5/2019,Banglore,Delhi,BLR → DEL,0:30,3:25,2h 55m,non-stop,No info,3943
SpiceJet,6/6/2019,Delhi,Cochin,DEL → MAA → COK,6:05,11:20,5h 15m,1 stop,No info,5583
Multiple carriers,6/6/2019,Delhi,Cochin,DEL → HYD → COK,7:05,16:10,9h 5m,1 stop,No info,9646
Multiple carriers,3/6/2019,Delhi,Cochin,DEL → BOM → COK,8:30,19:15,10h 45m,1 stop,No info,7677
IndiGo,1/6/2019,Delhi,Cochin,DEL → BLR → COK,5:10,10:05,4h 55m,1 stop,No info,6842
Jet Airways,24/06/2019,Mumbai,Hyderabad,BOM → HYD,8:45,10:15,1h 30m,non-stop,In-flight meal not included,4995
Vistara,9/6/2019,Kolkata,Banglore,CCU → DEL → BLR,7:10,18:50,11h 40m,1 stop,No info,9555
IndiGo,1/6/2019,Banglore,Delhi,BLR → DEL,1:30,4:15,2h 45m,non-stop,No info,4077
Jet Airways,12/5/2019,Banglore,Delhi,BLR → DEL,15:15,18:10,2h 55m,non-stop,No info,7229
Multiple carriers,9/6/2019,Delhi,Cochin,DEL → BOM → COK,9:00,19:00,10h,1 stop,No info,12192
Air India,12/4/2019,Banglore,Delhi,BLR → DEL,10:00,12:45,2h 45m,non-stop,No info,5911
Air India,12/6/2019,Delhi,Cochin,DEL → BOM → COK,9:00,19:15,10h 15m,1 stop,No info,8372
Jet Airways,18/03/2019,Mumbai,Hyderabad,BOM → HYD,7:10,8:35,1h 25m,non-stop,In-flight meal not included,4995
Multiple carriers,9/5/2019,Delhi,Cochin,DEL → BOM → COK,10:00,19:15,9h 15m,1 stop,No info,14323
Jet Airways,9/6/2019,Delhi,Cochin,DEL → JAI → BOM → COK,5:30,6/10/2022 4:25,22h 55m,2 stops,No info,13014
Air India,6/6/2019,Delhi,Cochin,DEL → CCU → BOM → COK,14:25,6/7/2022 19:15,28h 50m,2 stops,No info,13591
Jet Airways,3/3/2019,Delhi,Cochin,DEL → IDR → BOM → COK,5:25,3/4/2022 18:50,37h 25m,2 stops,No info,18799
IndiGo,27/04/2019,Banglore,Delhi,BLR → DEL,23:30,4/28/2022 2:20,2h 50m,non-stop,No info,3943
SpiceJet,21/05/2019,Mumbai,Hyderabad,BOM → HYD,5:45,7:15,1h 30m,non-stop,No check-in baggage included,1965
Jet Airways,27/05/2019,Mumbai,Hyderabad,BOM → HYD,10:20,11:50,1h 30m,non-stop,In-flight meal not included,4995
Air India,24/03/2019,Kolkata,Banglore,CCU → BOM → BLR,16:50,3/25/2022 18:30,25h 40m,1 stop,No info,14641
Air India,12/4/2019,Kolkata,Banglore,CCU → BLR,20:45,23:20,2h 35m,non-stop,No info,4460
Air India,18/05/2019,Delhi,Cochin,DEL → BOM → COK,13:00,19:15,6h 15m,1 stop,No info,10191
Jet Airways,9/3/2019,Delhi,Cochin,DEL → BOM → COK,2:15,19:45,17h 30m,1 stop,In-flight meal not included,13843
IndiGo,1/5/2019,Delhi,Cochin,DEL → LKO → COK,21:50,5/2/2022 3:35,5h 45m,1 stop,No info,6349
Air Asia,1/5/2019,Kolkata,Banglore,CCU → BLR,10:20,12:55,2h 35m,non-stop,No info,4409
Jet Airways,6/3/2019,Delhi,Cochin,DEL → BOM → COK,18:15,3/7/2022 19:45,25h 30m,1 stop,No info,17024
Multiple carriers,18/05/2019,Delhi,Cochin,DEL → BOM → COK,7:05,21:00,13h 55m,1 stop,No info,13727
IndiGo,15/03/2019,Banglore,New Delhi,BLR → DEL,18:25,21:20,2h 55m,non-stop,No info,8855
Multiple carriers,24/06/2019,Delhi,Cochin,DEL → BOM → COK,8:45,19:00,10h 15m,1 stop,No info,12524
Jet Airways,18/03/2019,Banglore,New Delhi,BLR → BOM → DEL,11:40,20:20,8h 40m,1 stop,No info,13555
Jet Airways,6/6/2019,Kolkata,Banglore,CCU → BOM → BLR,6:30,12:00,5h 30m,1 stop,In-flight meal not included,10844
Multiple carriers,9/6/2019,Delhi,Cochin,DEL → BOM → COK,9:00,21:00,12h,1 stop,No info,13587
SpiceJet,12/6/2019,Chennai,Kolkata,MAA → CCU,9:45,12:00,2h 15m,non-stop,No check-in baggage included,3543
Vistara,18/03/2019,Chennai,Kolkata,MAA → CCU,7:05,9:20,2h 15m,non-stop,No info,4842
IndiGo,24/04/2019,Banglore,Delhi,BLR → DEL,23:30,4/25/2022 2:20,2h 50m,non-stop,No info,3943
Jet Airways,9/6/2019,Delhi,Cochin,DEL → BOM → COK,19:15,6/10/2022 4:25,9h 10m,1 stop,In-flight meal not included,10577
IndiGo,15/05/2019,Delhi,Cochin,DEL → BOM → COK,10:35,21:00,10h 25m,1 stop,No info,6979
Vistara,27/06/2019,Chennai,Kolkata,MAA → CCU,17:45,20:05,2h 20m,non-stop,No info,11982
SpiceJet,6/6/2019,Delhi,Cochin,DEL → PNQ → COK,8:45,13:15,4h 30m,1 stop,No info,5264
Vistara,3/3/2019,Delhi,Cochin,DEL → COK,6:00,9:10,3h 10m,non-stop,No info,8001
Air India,1/6/2019,Delhi,Cochin,DEL → AMD → BOM → COK,19:45,6/2/2022 19:15,23h 30m,2 stops,No info,10651
Jet Airways,24/05/2019,Kolkata,Banglore,CCU → BOM → BLR,16:30,5/25/2022 19:50,27h 20m,1 stop,In-flight meal not included,10844
Multiple carriers,27/03/2019,Delhi,Cochin,DEL → HYD → COK,9:45,22:20,12h 35m,1 stop,No info,6601
Air India,21/03/2019,Delhi,Cochin,DEL → BOM → COK,19:00,3/22/2022 19:15,24h 15m,1 stop,No info,6587
SpiceJet,21/03/2019,Mumbai,Hyderabad,BOM → HYD,13:10,14:30,1h 20m,non-stop,No info,3173
Air India,9/5/2019,Banglore,Delhi,BLR → DEL,10:00,12:45,2h 45m,non-stop,No info,5228
Jet Airways,21/06/2019,Banglore,Delhi,BLR → DEL,7:10,10:10,3h,non-stop,In-flight meal not included,5769
Jet Airways,6/6/2019,Delhi,Cochin,DEL → BOM → COK,8:00,19:00,11h,1 stop,No info,14714
Jet Airways,3/6/2019,Delhi,Cochin,DEL → JAI → BOM → COK,5:30,19:00,13h 30m,2 stops,No info,13014
IndiGo,3/6/2019,Banglore,Delhi,BLR → DEL,22:10,6/4/2022 1:00,2h 50m,non-stop,No info,3359
GoAir,3/3/2019,Banglore,New Delhi,BLR → DEL,20:55,23:50,2h 55m,non-stop,No info,6722
IndiGo,18/03/2019,Kolkata,Banglore,CCU → BLR,9:35,12:20,2h 45m,non-stop,No info,4462
IndiGo,9/3/2019,Delhi,Cochin,DEL → HYD → COK,4:55,16:10,11h 15m,1 stop,No info,6171
Air India,21/05/2019,Kolkata,Banglore,CCU → IXR → DEL → BLR,5:50,20:25,14h 35m,2 stops,No info,12303
Multiple carriers,21/03/2019,Delhi,Cochin,DEL → BOM → COK,11:40,3/22/2022 1:35,13h 55m,1 stop,No info,7695
IndiGo,24/06/2019,Delhi,Cochin,DEL → BOM → COK,11:25,6/25/2022 1:30,14h 5m,1 stop,No info,5684
Air India,12/6/2019,Kolkata,Banglore,CCU → BOM → BLR,16:50,6/13/2022 7:55,15h 5m,1 stop,No info,8366
Air India,1/3/2019,Chennai,Kolkata,MAA → CCU,11:40,13:55,2h 15m,non-stop,No info,19630
Jet Airways,6/3/2019,Banglore,New Delhi,BLR → BOM → DEL,14:05,3/7/2022 5:05,15h,1 stop,In-flight meal not included,13502
Jet Airways,1/5/2019,Kolkata,Banglore,CCU → BOM → BLR,21:10,5/2/2022 10:05,12h 55m,1 stop,No info,14781
Multiple carriers,12/6/2019,Delhi,Cochin,DEL → HYD → COK,7:10,16:10,9h,1 stop,No info,6513
Air India,1/6/2019,Delhi,Cochin,DEL → BOM → COK,7:00,19:15,12h 15m,1 stop,No info,9929
Multiple carriers,6/6/2019,Delhi,Cochin,DEL → IXU → BOM → COK,17:50,6/7/2022 1:30,7h 40m,2 stops,No info,18275
Air India,9/4/2019,Delhi,Cochin,DEL → MAA → COK,6:05,4/10/2022 9:25,27h 20m,1 stop,No info,4487
IndiGo,15/03/2019,Mumbai,Hyderabad,BOM → HYD,21:20,22:45,1h 25m,non-stop,No info,2754
Air India,27/03/2019,Mumbai,Hyderabad,BOM → HYD,6:20,7:40,1h 20m,non-stop,No info,2575
SpiceJet,12/6/2019,Kolkata,Banglore,CCU → IXB → BLR,15:55,21:25,5h 30m,1 stop,No info,8224
Air India,9/3/2019,Delhi,Cochin,DEL → BLR → COK,20:30,3/10/2022 8:15,11h 45m,1 stop,No info,8991
IndiGo,24/06/2019,Delhi,Cochin,DEL → COK,5:35,8:50,3h 15m,non-stop,No info,5000
Jet Airways,12/6/2019,Kolkata,Banglore,CCU → BOM → BLR,18:55,6/13/2022 19:50,24h 55m,1 stop,In-flight meal not included,8529
Air India,3/3/2019,Delhi,Cochin,DEL → MAA → COK,6:05,3/4/2022 9:25,27h 20m,1 stop,No info,14042
Jet Airways,24/05/2019,Banglore,Delhi,BLR → DEL,11:10,14:05,2h 55m,non-stop,In-flight meal not included,4030
Jet Airways,6/6/2019,Kolkata,Banglore,CCU → BOM → BLR,18:55,6/7/2022 12:00,17h 5m,1 stop,In-flight meal not included,10844
IndiGo,6/5/2019,Kolkata,Banglore,CCU → BLR,21:25,5/7/2022 0:05,2h 40m,non-stop,No info,4804
Multiple carriers,27/05/2019,Delhi,Cochin,DEL → BOM → COK,17:30,5/28/2022 1:30,8h,1 stop,In-flight meal not included,7308
IndiGo,12/5/2019,Banglore,Delhi,BLR → DEL,16:55,19:55,3h,non-stop,No info,4823
Jet Airways,24/06/2019,Delhi,Cochin,DEL → BOM → COK,9:00,6/25/2022 12:35,27h 35m,1 stop,In-flight meal not included,10262
Jet Airways,27/05/2019,Delhi,Cochin,DEL → BOM → COK,20:55,5/28/2022 4:25,7h 30m,1 stop,In-flight meal not included,12898
Air India,12/3/2019,Banglore,New Delhi,BLR → BOM → JDH → DEL,17:25,3/13/2022 16:20,22h 55m,2 stops,No info,12778
IndiGo,3/3/2019,Delhi,Cochin,DEL → BOM → COK,4:45,13:20,8h 35m,1 stop,No info,14871
Air India,21/03/2019,Delhi,Cochin,DEL → UDR → BOM → COK,13:20,3/22/2022 19:15,29h 55m,2 stops,No info,8708
Jet Airways,6/6/2019,Kolkata,Banglore,CCU → BOM → BLR,20:00,6/7/2022 18:15,22h 15m,1 stop,In-flight meal not included,10844
SpiceJet,6/3/2019,Mumbai,Hyderabad,BOM → HYD,5:45,7:05,1h 20m,non-stop,No info,4129
IndiGo,18/05/2019,Kolkata,Banglore,CCU → BLR,21:25,5/19/2022 0:05,2h 40m,non-stop,No info,4804
Jet Airways,6/5/2019,Banglore,Delhi,BLR → DEL,8:20,11:20,3h,non-stop,No info,7229
Jet Airways,21/03/2019,Banglore,New Delhi,BLR → BOM → DEL,7:00,19:10,12h 10m,1 stop,In-flight meal not included,7832
SpiceJet,18/03/2019,Chennai,Kolkata,MAA → CCU,9:30,12:05,2h 35m,non-stop,No info,3859
Multiple carriers,6/6/2019,Delhi,Cochin,DEL → BOM → COK,7:30,19:15,11h 45m,1 stop,No info,9001
Vistara,9/5/2019,Banglore,Delhi,BLR → DEL,17:00,19:35,2h 35m,non-stop,No info,4878
IndiGo,3/5/2019,Mumbai,Hyderabad,BOM → HYD,2:35,4:05,1h 30m,non-stop,No info,2754
Vistara,27/06/2019,Banglore,Delhi,BLR → DEL,7:00,9:40,2h 40m,non-stop,No info,4668
Air Asia,12/5/2019,Kolkata,Banglore,CCU → BLR,10:20,12:55,2h 35m,non-stop,No info,5216
Jet Airways,6/6/2019,Delhi,Cochin,DEL → JAI → BOM → COK,5:30,6/7/2022 4:25,22h 55m,2 stops,In-flight meal not included,10368
IndiGo,9/3/2019,Delhi,Cochin,DEL → HYD → MAA → COK,6:40,21:20,14h 40m,2 stops,No info,8146
Jet Airways,27/03/2019,Delhi,Cochin,DEL → BOM → COK,13:00,3/28/2022 4:25,15h 25m,1 stop,No info,12242
Jet Airways,15/03/2019,Banglore,New Delhi,BLR → BOM → DEL,8:00,15:15,7h 15m,1 stop,In-flight meal not included,9134
Air India,6/6/2019,Delhi,Cochin,DEL → HYD → MAA → COK,13:15,6/7/2022 9:25,20h 10m,2 stops,No info,10939
Air India,6/6/2019,Delhi,Cochin,DEL → GOI → BOM → COK,10:55,6/7/2022 7:40,20h 45m,2 stops,No info,11753
SpiceJet,24/04/2019,Kolkata,Banglore,CCU → BLR,17:10,19:40,2h 30m,non-stop,No info,4174
Jet Airways,21/05/2019,Kolkata,Banglore,CCU → BOM → BLR,20:00,5/22/2022 19:50,23h 50m,1 stop,In-flight meal not included,10844
Jet Airways,3/6/2019,Delhi,Cochin,DEL → BOM → COK,16:00,6/4/2022 19:00,27h,1 stop,No info,14714
Jet Airways,12/6/2019,Kolkata,Banglore,CCU → BOM → BLR,6:30,12:00,5h 30m,1 stop,In-flight meal not included,9899
IndiGo,3/3/2019,Delhi,Cochin,DEL → BOM → COK,9:10,21:00,11h 50m,1 stop,No info,14871
IndiGo,6/3/2019,Chennai,Kolkata,MAA → CCU,13:20,15:35,2h 15m,non-stop,No info,7295
Air India,6/6/2019,Delhi,Cochin,DEL → JAI → BOM → COK,18:45,6/7/2022 19:15,24h 30m,2 stops,No info,13465
SpiceJet,21/05/2019,Chennai,Kolkata,MAA → CCU,17:45,20:05,2h 20m,non-stop,No check-in baggage included,3543
Multiple carriers,27/06/2019,Delhi,Cochin,DEL → BOM → COK,19:00,6/28/2022 1:30,6h 30m,1 stop,No info,7198
Jet Airways,1/6/2019,Delhi,Cochin,DEL → BOM → COK,8:00,6/2/2022 4:25,20h 25m,1 stop,In-flight meal not included,10262
IndiGo,15/03/2019,Kolkata,Banglore,CCU → BLR,15:20,17:55,2h 35m,non-stop,No info,4148
Jet Airways,27/06/2019,Banglore,Delhi,BLR → DEL,15:15,18:10,2h 55m,non-stop,No info,8016
Jet Airways,9/6/2019,Delhi,Cochin,DEL → BOM → COK,22:50,6/10/2022 4:25,5h 35m,1 stop,In-flight meal not included,10262
SpiceJet,15/06/2019,Kolkata,Banglore,CCU → BLR,14:55,17:25,2h 30m,non-stop,No check-in baggage included,3841
Jet Airways,12/3/2019,Banglore,New Delhi,BLR → MAA → DEL,9:45,3/13/2022 0:30,14h 45m,1 stop,No info,11507
Jet Airways,1/5/2019,Kolkata,Banglore,CCU → BOM → BLR,8:25,20:45,12h 20m,1 stop,No info,14781
Jet Airways,27/05/2019,Delhi,Cochin,DEL → BOM → COK,17:30,5/28/2022 19:00,25h 30m,1 stop,No info,16079
Jet Airways,27/05/2019,Delhi,Cochin,DEL → BOM → COK,22:50,5/28/2022 4:25,5h 35m,1 stop,In-flight meal not included,12898
Multiple carriers,6/3/2019,Delhi,Cochin,DEL → BOM → COK,7:30,19:15,11h 45m,1 stop,No info,15353
IndiGo,24/03/2019,Banglore,New Delhi,BLR → DEL,18:25,21:20,2h 55m,non-stop,No info,7303
SpiceJet,24/03/2019,Kolkata,Banglore,CCU → MAA → BLR,15:05,20:45,5h 40m,1 stop,No info,6197
Air India,9/6/2019,Kolkata,Banglore,CCU → BBI → BLR,9:10,13:15,4h 5m,1 stop,No info,8996
IndiGo,21/03/2019,Delhi,Cochin,DEL → HYD → COK,14:20,22:20,8h,1 stop,No info,6528
GoAir,9/4/2019,Banglore,Delhi,BLR → DEL,20:55,23:40,2h 45m,non-stop,No info,4239
IndiGo,12/3/2019,Kolkata,Banglore,CCU → BLR,20:25,23:05,2h 40m,non-stop,No info,4148
SpiceJet,24/05/2019,Banglore,Delhi,BLR → DEL,21:10,5/25/2022 0:05,2h 55m,non-stop,No info,3971
Air Asia,6/5/2019,Kolkata,Banglore,CCU → DEL → BLR,7:35,23:30,15h 55m,1 stop,No info,5192
Jet Airways,9/4/2019,Delhi,Cochin,DEL → AMD → BOM → COK,13:25,4/10/2022 12:35,23h 10m,2 stops,No info,9483
Jet Airways,3/6/2019,Delhi,Cochin,DEL → JDH → BOM → COK,11:40,19:00,7h 20m,2 stops,No info,18804
Air India,18/06/2019,Delhi,Cochin,DEL → COK,5:10,8:00,2h 50m,non-stop,No info,5201
Jet Airways,27/05/2019,Delhi,Cochin,DEL → BOM → COK,11:30,19:00,7h 30m,1 stop,No info,16079
Jet Airways,15/06/2019,Banglore,Delhi,BLR → DEL,19:50,22:50,3h,non-stop,In-flight meal not included,7229
Multiple carriers,27/05/2019,Delhi,Cochin,DEL → BOM → COK,17:45,5/28/2022 1:30,7h 45m,1 stop,No info,6795
Jet Airways,9/5/2019,Kolkata,Banglore,CCU → DEL → BLR,9:35,5/10/2022 10:55,25h 20m,1 stop,No info,10953
Multiple carriers,24/06/2019,Delhi,Cochin,DEL → IDR → BOM → COK,15:05,6/25/2022 1:30,10h 25m,2 stops,No info,15965
Air India,9/4/2019,Delhi,Cochin,DEL → JDH → BOM → COK,12:55,4/10/2022 19:15,30h 20m,2 stops,No info,9968
IndiGo,6/6/2019,Kolkata,Banglore,CCU → BLR,22:15,6/7/2022 0:50,2h 35m,non-stop,No info,4804
Jet Airways,27/05/2019,Delhi,Cochin,DEL → BOM → COK,10:00,19:00,9h,1 stop,No info,16079
Jet Airways,12/6/2019,Delhi,Cochin,DEL → IDR → BOM → COK,21:25,6/13/2022 12:35,15h 10m,2 stops,In-flight meal not included,11507
Air India,9/6/2019,Kolkata,Banglore,CCU → BOM → COK → BLR,9:25,6/10/2022 13:45,28h 20m,2 stops,No info,11542
Jet Airways,24/04/2019,Banglore,Delhi,BLR → DEL,17:45,20:45,3h,non-stop,No info,7229
Jet Airways,27/04/2019,Banglore,Delhi,BLR → DEL,6:00,8:45,2h 45m,non-stop,In-flight meal not included,4544
IndiGo,15/05/2019,Delhi,Cochin,DEL → BLR → COK,5:10,10:05,4h 55m,1 stop,No info,6496
IndiGo,15/06/2019,Kolkata,Banglore,CCU → BLR,21:25,6/16/2022 0:05,2h 40m,non-stop,No info,4804
Air India,1/3/2019,Banglore,New Delhi,BLR → CCU → DEL,11:05,3/2/2022 9:15,22h 10m,1 stop,No info,13439
Jet Airways,27/03/2019,Delhi,Cochin,DEL → BOM → COK,18:15,3/28/2022 4:25,10h 10m,1 stop,In-flight meal not included,6540
IndiGo,1/6/2019,Banglore,Delhi,BLR → DEL,23:30,6/2/2022 2:20,2h 50m,non-stop,No info,4591
IndiGo,18/03/2019,Banglore,New Delhi,BLR → HYD → DEL,16:15,20:35,4h 20m,1 stop,No info,4437
Air Asia,21/03/2019,Delhi,Cochin,DEL → BLR → COK,20:10,3/22/2022 7:10,11h,1 stop,No info,6151
Jet Airways,21/06/2019,Banglore,Delhi,BLR → DEL,17:45,20:45,3h,non-stop,In-flight meal not included,7754
Jet Airways,24/06/2019,Delhi,Cochin,DEL → BOM → COK,14:00,6/25/2022 12:35,22h 35m,1 stop,In-flight meal not included,10262
Jet Airways,9/6/2019,Banglore,Delhi,BLR → DEL,18:55,22:00,3h 5m,non-stop,No info,8016
SpiceJet,24/03/2019,Kolkata,Banglore,CCU → BLR,6:55,9:35,2h 40m,non-stop,No check-in baggage included,4781
Vistara,27/06/2019,Banglore,Delhi,BLR → DEL,11:30,14:20,2h 50m,non-stop,No info,4668
Air India,6/3/2019,Banglore,New Delhi,BLR → MAA → DEL,11:50,3/7/2022 8:55,21h 5m,1 stop,No info,14594
Jet Airways,24/03/2019,Kolkata,Banglore,CCU → BOM → BLR,16:55,3/25/2022 4:45,11h 50m,1 stop,No info,14231
Air India,15/05/2019,Delhi,Cochin,DEL → TRV → COK,5:15,5/16/2022 6:50,25h 35m,1 stop,No info,8425
Multiple carriers,12/6/2019,Delhi,Cochin,DEL → HYD → COK,7:05,22:30,15h 25m,1 stop,No info,9646
IndiGo,3/3/2019,Chennai,Kolkata,MAA → CCU,14:40,17:05,2h 25m,non-stop,No info,7295
Air Asia,9/4/2019,Kolkata,Banglore,CCU → BBI → BLR,6:50,10:30,3h 40m,1 stop,No info,5162
IndiGo,9/3/2019,Banglore,New Delhi,BLR → DEL,18:25,21:20,2h 55m,non-stop,No info,6860
Vistara,15/04/2019,Delhi,Cochin,DEL → COK,6:00,9:10,3h 10m,non-stop,No info,6216
Air Asia,24/05/2019,Kolkata,Banglore,CCU → DEL → BLR,7:35,19:25,11h 50m,1 stop,No info,5192
IndiGo,9/4/2019,Banglore,Delhi,BLR → DEL,20:00,22:50,2h 50m,non-stop,No info,4823
SpiceJet,3/4/2019,Banglore,Delhi,BLR → DEL,9:30,12:20,2h 50m,non-stop,No check-in baggage included,3919
IndiGo,3/6/2019,Mumbai,Hyderabad,BOM → HYD,19:05,20:35,1h 30m,non-stop,No info,2754
Multiple carriers,9/5/2019,Delhi,Cochin,DEL → BOM → COK,7:30,19:00,11h 30m,1 stop,No info,9315
Multiple carriers,27/03/2019,Delhi,Cochin,DEL → BOM → COK,10:00,18:50,8h 50m,1 stop,No info,11667
Jet Airways,12/6/2019,Kolkata,Banglore,CCU → BOM → BLR,8:25,6/13/2022 4:40,20h 15m,1 stop,In-flight meal not included,6224
Air India,24/03/2019,Kolkata,Banglore,CCU → BOM → GOI → BLR,9:25,3/25/2022 5:35,20h 10m,2 stops,No info,13349
Jet Airways,18/03/2019,Banglore,New Delhi,BLR → BOM → DEL,16:55,3/16/2022 9:00,16h 5m,1 stop,In-flight meal not included,11087
Multiple carriers,6/3/2019,Delhi,Cochin,DEL → BOM → COK,13:00,3/7/2022 1:35,12h 35m,1 stop,No info,15603
Jet Airways,9/5/2019,Delhi,Cochin,DEL → JAI → BOM → COK,19:30,5/10/2022 12:35,17h 5m,2 stops,No info,15129
IndiGo,9/4/2019,Banglore,Delhi,BLR → DEL,16:55,19:55,3h,non-stop,No info,4823
Vistara,1/5/2019,Kolkata,Banglore,CCU → DEL → BLR,7:10,22:40,15h 30m,1 stop,No info,8452
Multiple carriers,6/6/2019,Delhi,Cochin,DEL → BOM → COK,7:30,19:00,11h 30m,1 stop,No info,12524
SpiceJet,27/03/2019,Chennai,Kolkata,MAA → CCU,17:45,20:05,2h 20m,non-stop,No info,3384
Jet Airways,1/6/2019,Delhi,Cochin,DEL → BOM → COK,19:15,6/2/2022 19:00,23h 45m,1 stop,In-flight meal not included,10262
SpiceJet,18/06/2019,Mumbai,Hyderabad,BOM → HYD,13:15,14:45,1h 30m,non-stop,No check-in baggage included,1965
IndiGo,18/05/2019,Kolkata,Banglore,CCU → BLR,22:15,5/19/2022 0:50,2h 35m,non-stop,No info,4804
Jet Airways,27/05/2019,Delhi,Cochin,DEL → BOM → COK,18:15,5/28/2022 19:00,24h 45m,1 stop,No info,16079
Jet Airways,1/6/2019,Delhi,Cochin,DEL → IDR → BOM → COK,21:25,6/2/2022 19:00,21h 35m,2 stops,No info,13292
Air Asia,9/5/2019,Delhi,Cochin,DEL → BLR → COK,7:55,13:25,5h 30m,1 stop,No info,6751
Air India,15/05/2019,Delhi,Cochin,DEL → BOM → COK,7:00,19:15,12h 15m,1 stop,No info,8669
IndiGo,3/3/2019,Delhi,Cochin,DEL → BOM → COK,17:30,3/4/2022 1:35,8h 5m,1 stop,No info,14871
Jet Airways,21/05/2019,Delhi,Cochin,DEL → BOM → COK,14:00,19:00,5h,1 stop,In-flight meal not included,12898
SpiceJet,6/6/2019,Banglore,Delhi,BLR → DEL,9:30,12:20,2h 50m,non-stop,No check-in baggage included,3919
Multiple carriers,1/3/2019,Delhi,Cochin,DEL → BOM → COK,12:50,19:15,6h 25m,1 stop,No info,36983
IndiGo,3/6/2019,Chennai,Kolkata,MAA → CCU,19:35,21:55,2h 20m,non-stop,No info,3597
Air India,9/3/2019,Banglore,New Delhi,BLR → DEL,17:00,19:45,2h 45m,non-stop,No info,10741
Air India,6/6/2019,Kolkata,Banglore,CCU → BOM → GOI → BLR,16:50,6/7/2022 5:35,12h 45m,2 stops,No info,11432
Jet Airways,12/3/2019,Banglore,New Delhi,BLR → BOM → DEL,18:55,3/13/2022 10:45,15h 50m,1 stop,In-flight meal not included,11087
Jet Airways,3/6/2019,Delhi,Cochin,DEL → IDR → BOM → COK,9:35,6/4/2022 12:35,27h,2 stops,No info,13292
Air India,15/06/2019,Delhi,Cochin,DEL → RPR → NAG → BOM → COK,5:15,6/16/2022 7:40,26h 25m,3 stops,No info,10493
GoAir,9/3/2019,Banglore,New Delhi,BLR → DEL,7:45,10:40,2h 55m,non-stop,No info,7631
Air India,6/6/2019,Delhi,Cochin,DEL → CCU → BOM → COK,6:50,6/7/2022 7:40,24h 50m,2 stops,No info,13381
Jet Airways,6/6/2019,Kolkata,Banglore,CCU → BOM → BLR,20:00,6/7/2022 4:40,8h 40m,1 stop,No info,13731
Air India,21/05/2019,Delhi,Cochin,DEL → BHO → BOM → COK,5:55,5/22/2022 7:40,25h 45m,2 stops,No info,11911
IndiGo,18/04/2019,Banglore,Delhi,BLR → DEL,23:30,4/19/2022 2:20,2h 50m,non-stop,No info,4591
Multiple carriers,3/6/2019,Delhi,Cochin,DEL → BOM → COK,13:00,19:15,6h 15m,1 stop,No info,14848
Multiple carriers,12/6/2019,Delhi,Cochin,DEL → BOM → COK,8:45,19:15,10h 30m,1 stop,No info,8266
Air India,18/05/2019,Delhi,Cochin,DEL → HYD → BOM → COK,17:15,5/19/2022 19:15,26h,2 stops,No info,12392
Jet Airways,12/6/2019,Kolkata,Banglore,CCU → BOM → BLR,18:55,6/13/2022 12:00,17h 5m,1 stop,No info,13044
Jet Airways,21/05/2019,Delhi,Cochin,DEL → BOM → COK,7:05,5/22/2022 4:25,21h 20m,1 stop,In-flight meal not included,12898
Jet Airways,21/03/2019,Delhi,Cochin,DEL → BOM → COK,22:50,3/22/2022 4:25,5h 35m,1 stop,No info,12242
IndiGo,18/05/2019,Banglore,Delhi,BLR → DEL,10:10,13:00,2h 50m,non-stop,No info,3943
Vistara,24/03/2019,Kolkata,Banglore,CCU → DEL → BLR,20:20,3/25/2022 22:10,25h 50m,1 stop,No info,11105
Jet Airways,12/5/2019,Kolkata,Banglore,CCU → BOM → BLR,21:10,5/13/2022 9:20,12h 10m,1 stop,No info,14388
Jet Airways,18/05/2019,Delhi,Cochin,DEL → JAI → BOM → COK,19:30,5/19/2022 12:35,17h 5m,2 stops,No info,13014
Multiple carriers,6/3/2019,Delhi,Cochin,DEL → BOM → COK,10:20,18:50,8h 30m,1 stop,No info,15411
Jet Airways,9/3/2019,Delhi,Cochin,DEL → BOM → COK,19:45,3/10/2022 18:50,23h 5m,1 stop,No info,16289
IndiGo,15/05/2019,Delhi,Cochin,DEL → HYD → COK,6:50,16:10,9h 20m,1 stop,No info,6442
Jet Airways,18/05/2019,Kolkata,Banglore,CCU → BOM → BLR,8:25,16:20,7h 55m,1 stop,In-flight meal not included,10844
Jet Airways,18/05/2019,Mumbai,Hyderabad,BOM → HYD,10:20,11:50,1h 30m,non-stop,No info,5678
IndiGo,12/4/2019,Banglore,Delhi,BLR → DEL,23:30,4/13/2022 2:20,2h 50m,non-stop,No info,6906
SpiceJet,21/05/2019,Chennai,Kolkata,MAA → CCU,9:45,12:00,2h 15m,non-stop,No check-in baggage included,3543
Jet Airways,6/6/2019,Delhi,Cochin,DEL → BOM → COK,9:00,19:00,10h,1 stop,No info,14714
Vistara Premium economy,3/3/2019,Banglore,New Delhi,BLR → DEL,16:00,18:35,2h 35m,non-stop,No info,11793
Multiple carriers,15/05/2019,Delhi,Cochin,DEL → BOM → COK,11:30,19:15,7h 45m,1 stop,No info,14323
SpiceJet,9/4/2019,Banglore,Delhi,BLR → DEL,21:10,4/10/2022 0:05,2h 55m,non-stop,No info,3971
Vistara,6/5/2019,Kolkata,Banglore,CCU → DEL → BLR,20:20,5/7/2022 22:40,26h 20m,1 stop,No info,8452
Vistara,12/4/2019,Banglore,Delhi,BLR → DEL,7:00,9:40,2h 40m,non-stop,No info,5403
Multiple carriers,9/5/2019,Delhi,Cochin,DEL → BOM → COK,10:00,21:00,11h,1 stop,No info,13727
Air India,1/4/2019,Kolkata,Banglore,CCU → DEL → AMD → BLR,10:00,4/2/2022 5:25,19h 25m,2 stops,No info,12639
Jet Airways,18/04/2019,Banglore,Delhi,BLR → DEL,15:15,18:10,2h 55m,non-stop,In-flight meal not included,5198
Vistara,1/6/2019,Banglore,Delhi,BLR → DEL,19:30,22:15,2h 45m,non-stop,No info,4878
Jet Airways,18/05/2019,Delhi,Cochin,DEL → BOM → COK,19:45,5/19/2022 19:00,23h 15m,1 stop,In-flight meal not included,12373
Multiple carriers,3/3/2019,Delhi,Cochin,DEL → HYD → COK,7:10,16:10,9h,1 stop,In-flight meal not included,8552
Vistara,21/04/2019,Delhi,Cochin,DEL → COK,14:40,17:50,3h 10m,non-stop,No info,6741
Multiple carriers,9/4/2019,Delhi,Cochin,DEL → BOM → COK,12:50,19:15,6h 25m,1 stop,No info,6481
Multiple carriers,6/6/2019,Delhi,Cochin,DEL → BOM → COK,10:35,19:15,8h 40m,1 stop,No info,7354
Air India,21/04/2019,Banglore,Delhi,BLR → DEL,21:05,23:55,2h 50m,non-stop,No info,5228
Jet Airways,12/5/2019,Kolkata,Banglore,CCU → BOM → BLR,8:25,20:45,12h 20m,1 stop,In-flight meal not included,10844
IndiGo,18/05/2019,Delhi,Cochin,DEL → HYD → COK,6:50,12:10,5h 20m,1 stop,No info,6347
Air India,15/03/2019,Banglore,New Delhi,BLR → HYD → DEL,8:15,12:15,4h,1 stop,No info,5013
Jet Airways,9/6/2019,Kolkata,Banglore,CCU → BOM → BLR,18:55,6/10/2022 4:40,9h 45m,1 stop,In-flight meal not included,9663
IndiGo,6/4/2019,Banglore,Delhi,BLR → DEL,18:25,21:20,2h 55m,non-stop,No info,4823
Air India,24/06/2019,Delhi,Cochin,DEL → CCU → BOM → COK,16:55,6/25/2022 19:15,26h 20m,2 stops,No info,13381
SpiceJet,1/6/2019,Chennai,Kolkata,MAA → CCU,9:45,12:00,2h 15m,non-stop,No check-in baggage included,3543
Jet Airways,15/05/2019,Kolkata,Banglore,CCU → BOM → BLR,18:55,5/16/2022 4:40,9h 45m,1 stop,In-flight meal not included,9663
Jet Airways,1/4/2019,Kolkata,Banglore,CCU → BOM → BLR,18:55,4/2/2022 19:50,24h 55m,1 stop,In-flight meal not included,7064
Jet Airways,9/6/2019,Delhi,Cochin,DEL → BOM → COK,7:05,19:00,11h 55m,1 stop,In-flight meal not included,10262
Air India,1/6/2019,Delhi,Cochin,DEL → GOI → BOM → COK,10:55,19:15,8h 20m,2 stops,No info,13013
Jet Airways,27/06/2019,Delhi,Cochin,DEL → AMD → BOM → COK,19:10,6/28/2022 12:35,17h 25m,2 stops,No info,15339
GoAir,18/04/2019,Banglore,Delhi,BLR → DEL,11:40,14:30,2h 50m,non-stop,No info,4937
IndiGo,6/6/2019,Delhi,Cochin,DEL → HYD → COK,5:05,12:10,7h 5m,1 stop,No info,6818
Air India,18/05/2019,Delhi,Cochin,DEL → GOI → BOM → COK,22:00,5/19/2022 19:15,21h 15m,2 stops,No info,10441
Jet Airways,3/4/2019,Delhi,Cochin,DEL → BOM → COK,14:00,19:00,5h,1 stop,In-flight meal not included,5177
IndiGo,27/06/2019,Chennai,Kolkata,MAA → CCU,11:35,14:00,2h 25m,non-stop,No info,3858
IndiGo,18/05/2019,Kolkata,Banglore,CCU → PNQ → BLR,21:00,5/19/2022 2:15,5h 15m,1 stop,No info,6534
Multiple carriers,15/06/2019,Delhi,Cochin,DEL → BOM → COK,10:20,6/16/2022 1:30,15h 10m,1 stop,No info,6795
Multiple carriers,3/6/2019,Delhi,Cochin,DEL → BOM → COK,7:30,19:15,11h 45m,1 stop,No info,9736
Jet Airways,1/5/2019,Banglore,Delhi,BLR → DEL,19:50,22:50,3h,non-stop,No info,7229
SpiceJet,24/04/2019,Delhi,Cochin,DEL → BLR → COK,17:55,22:50,4h 55m,1 stop,No info,4957
IndiGo,9/3/2019,Banglore,New Delhi,BLR → DEL,6:00,8:45,2h 45m,non-stop,No info,7648
SpiceJet,15/06/2019,Kolkata,Banglore,CCU → BLR,14:55,17:25,2h 30m,non-stop,No info,3873
Jet Airways,12/5/2019,Kolkata,Banglore,CCU → BOM → BLR,18:55,5/13/2022 4:40,9h 45m,1 stop,No info,14388
IndiGo,6/3/2019,Kolkata,Banglore,CCU → BLR,17:15,19:55,2h 40m,non-stop,No info,5618
Multiple carriers,9/6/2019,Delhi,Cochin,DEL → BOM → COK,19:00,6/10/2022 1:30,6h 30m,1 stop,No info,7408
Air Asia,3/3/2019,Delhi,Cochin,DEL → BLR → COK,16:45,22:15,5h 30m,1 stop,No info,13774
Vistara,3/5/2019,Banglore,Delhi,BLR → DEL,7:00,9:40,2h 40m,non-stop,No info,4668
Jet Airways,21/03/2019,Delhi,Cochin,DEL → UDR → BOM → COK,18:20,3/23/2022 4:25,34h 5m,2 stops,No info,13082
Air India,3/6/2019,Delhi,Cochin,DEL → BOM → COK,3:50,19:15,15h 25m,1 stop,No info,8669
IndiGo,24/06/2019,Delhi,Cochin,DEL → BOM → COK,16:00,6/25/2022 1:30,9h 30m,1 stop,No info,6316
Jet Airways,6/3/2019,Delhi,Cochin,DEL → BOM → COK,22:20,3/7/2022 4:25,6h 5m,1 stop,In-flight meal not included,12583
Vistara,9/3/2019,Banglore,New Delhi,BLR → DEL,16:10,18:50,2h 40m,non-stop,No info,7923
GoAir,3/3/2019,Delhi,Cochin,DEL → BOM → COK,7:00,12:50,5h 50m,1 stop,No info,7378
Vistara,3/6/2019,Banglore,Delhi,BLR → DEL,19:30,22:15,2h 45m,non-stop,No info,4878
Jet Airways,18/05/2019,Kolkata,Banglore,CCU → BOM → BLR,16:30,5/19/2022 19:50,27h 20m,1 stop,In-flight meal not included,10844
Jet Airways,3/4/2019,Banglore,Delhi,BLR → DEL,8:20,11:20,3h,non-stop,No info,7229
SpiceJet,21/05/2019,Delhi,Cochin,DEL → MAA → COK,6:05,11:20,5h 15m,1 stop,No info,6297
Jet Airways,12/6/2019,Kolkata,Banglore,CCU → BOM → BLR,20:00,6/13/2022 12:00,16h,1 stop,In-flight meal not included,8529
Multiple carriers,18/05/2019,Delhi,Cochin,DEL → BOM → COK,14:00,21:00,7h,1 stop,No info,13727
SpiceJet,24/05/2019,Kolkata,Banglore,CCU → PNQ → BLR,8:35,17:15,8h 40m,1 stop,No info,6643
Multiple carriers,9/5/2019,Delhi,Cochin,DEL → BOM → COK,10:00,19:00,9h,1 stop,No info,10197
SpiceJet,21/04/2019,Kolkata,Banglore,CCU → BLR,22:20,4/22/2022 0:40,2h 20m,non-stop,No info,4911
IndiGo,6/3/2019,Chennai,Kolkata,MAA → CCU,5:15,7:35,2h 20m,non-stop,No info,6482
Jet Airways,1/3/2019,Banglore,New Delhi,BLR → BOM → DEL,8:55,15:15,6h 20m,1 stop,No info,26890
IndiGo,18/05/2019,Kolkata,Banglore,CCU → HYD → BLR,19:20,23:45,4h 25m,1 stop,No info,3717
IndiGo,1/6/2019,Chennai,Kolkata,MAA → CCU,13:15,15:35,2h 20m,non-stop,No info,3597
Air India,18/03/2019,Banglore,New Delhi,BLR → CCU → GAU → DEL,11:05,22:10,11h 5m,2 stops,No info,10846
Air India,1/3/2019,Banglore,New Delhi,BLR → CCU → DEL,5:50,22:45,16h 55m,1 stop,No info,14069
Jet Airways,1/4/2019,Delhi,Cochin,DEL → BOM → COK,22:50,4/2/2022 12:35,13h 45m,1 stop,In-flight meal not included,5177
Air India,6/3/2019,Delhi,Cochin,DEL → NAG → BOM → COK,5:55,3/7/2022 7:40,25h 45m,2 stops,No info,14641
IndiGo,6/6/2019,Delhi,Cochin,DEL → HYD → COK,8:35,22:30,13h 55m,1 stop,No info,6442
Air India,21/03/2019,Delhi,Cochin,DEL → BLR → COK,17:45,23:00,5h 15m,1 stop,No info,5704
Jet Airways,6/5/2019,Kolkata,Banglore,CCU → BOM → BLR,14:05,5/7/2022 9:20,19h 15m,1 stop,In-flight meal not included,9663
Jet Airways,6/6/2019,Delhi,Cochin,DEL → BOM → COK,20:55,6/7/2022 4:25,7h 30m,1 stop,No info,14714
Jet Airways,1/4/2019,Delhi,Cochin,DEL → BOM → COK,10:00,19:00,9h,1 stop,In-flight meal not included,5406
Vistara,15/05/2019,Kolkata,Banglore,CCU → DEL → BLR,20:20,5/16/2022 20:20,24h,1 stop,No info,8610
Jet Airways,12/6/2019,Delhi,Cochin,DEL → BDQ → BOM → COK,18:25,6/13/2022 12:35,18h 10m,2 stops,No info,14237
IndiGo,9/6/2019,Banglore,Delhi,BLR → DEL,7:10,10:05,2h 55m,non-stop,No info,4823
IndiGo,27/03/2019,Mumbai,Hyderabad,BOM → HYD,20:05,21:35,1h 30m,non-stop,No info,2227
Jet Airways,18/05/2019,Delhi,Cochin,DEL → BOM → COK,7:05,5/19/2022 4:25,21h 20m,1 stop,In-flight meal not included,12373
Air India,6/6/2019,Delhi,Cochin,DEL → BOM → COK,13:00,19:15,6h 15m,1 stop,No info,8372
Jet Airways,3/3/2019,Delhi,Cochin,DEL → BOM → COK,13:55,3/4/2022 4:25,14h 30m,1 stop,No info,17024
Air India,27/05/2019,Mumbai,Hyderabad,BOM → HYD,21:05,22:25,1h 20m,non-stop,No info,3100
Jet Airways,9/3/2019,Delhi,Cochin,DEL → BOM → COK,6:50,19:45,12h 55m,1 stop,In-flight meal not included,14053
IndiGo,9/5/2019,Chennai,Kolkata,MAA → CCU,5:15,7:40,2h 25m,non-stop,No info,3540
Vistara,21/05/2019,Kolkata,Banglore,CCU → DEL → BLR,20:20,5/22/2022 18:50,22h 30m,1 stop,No info,9345
Jet Airways,1/6/2019,Delhi,Cochin,DEL → JAI → BOM → COK,5:30,6/2/2022 4:25,22h 55m,2 stops,In-flight meal not included,10368
Jet Airways,1/3/2019,Banglore,New Delhi,BLR → BOM → DEL,7:00,12:25,5h 25m,1 stop,No info,26890
SpiceJet,9/3/2019,Mumbai,Hyderabad,BOM → HYD,8:50,10:15,1h 25m,non-stop,No info,5755
Jet Airways,21/03/2019,Banglore,New Delhi,BLR → BOM → DEL,8:55,16:10,7h 15m,1 stop,In-flight meal not included,7832
Jet Airways,6/5/2019,Kolkata,Banglore,CCU → BOM → BLR,8:25,20:45,12h 20m,1 stop,No info,14388
Air India,27/06/2019,Delhi,Cochin,DEL → HYD → MAA → COK,13:15,6/28/2022 9:25,20h 10m,2 stops,No info,8839
Air India,3/3/2019,Delhi,Cochin,DEL → GOI → BOM → COK,22:00,3/4/2022 19:15,21h 15m,2 stops,No info,22096
Vistara,27/05/2019,Chennai,Kolkata,MAA → CCU,7:05,9:20,2h 15m,non-stop,No info,3687
Multiple carriers,15/05/2019,Delhi,Cochin,DEL → BOM → COK,8:30,19:00,10h 30m,1 stop,No info,9627
Multiple carriers,21/03/2019,Delhi,Cochin,DEL → BOM → COK,11:30,3/22/2022 1:35,14h 5m,1 stop,No info,13542
IndiGo,27/04/2019,Banglore,Delhi,BLR → DEL,4:00,6:50,2h 50m,non-stop,No info,4423
IndiGo,3/3/2019,Delhi,Cochin,DEL → HYD → MAA → COK,4:55,21:20,16h 25m,2 stops,No info,8899
SpiceJet,21/04/2019,Delhi,Cochin,DEL → MAA → COK,6:05,11:20,5h 15m,1 stop,No info,5583
Air Asia,27/05/2019,Delhi,Cochin,DEL → BLR → COK,16:45,5/28/2022 6:35,13h 50m,1 stop,No info,6752
SpiceJet,21/05/2019,Chennai,Kolkata,MAA → CCU,8:20,10:35,2h 15m,non-stop,No check-in baggage included,3543
Jet Airways,21/03/2019,Banglore,New Delhi,BLR → BOM → DEL,8:00,15:15,7h 15m,1 stop,In-flight meal not included,7832
Air India,1/5/2019,Kolkata,Banglore,CCU → IXR → DEL → BLR,5:50,5/2/2022 8:55,27h 5m,2 stops,No info,10991
Jet Airways,27/05/2019,Delhi,Cochin,DEL → BOM → COK,9:00,5/28/2022 12:35,27h 35m,1 stop,In-flight meal not included,12898
Jet Airways,27/05/2019,Delhi,Cochin,DEL → BOM → COK,14:00,19:00,5h,1 stop,In-flight meal not included,12898
GoAir,24/05/2019,Banglore,Delhi,BLR → DEL,11:40,14:30,2h 50m,non-stop,No info,3398
Air India,24/04/2019,Delhi,Cochin,DEL → COK,5:10,8:00,2h 50m,non-stop,No info,5201
Air India,6/5/2019,Kolkata,Banglore,CCU → DEL → COK → BLR,10:00,5/7/2022 1:20,15h 20m,2 stops,No info,13873
Air India,15/06/2019,Delhi,Cochin,DEL → BLR → COK,17:40,23:00,5h 20m,1 stop,No info,7384
Jet Airways,6/6/2019,Delhi,Cochin,DEL → BOM → COK,18:15,6/7/2022 4:25,10h 10m,1 stop,In-flight meal not included,10262
Jet Airways,24/03/2019,Kolkata,Banglore,CCU → BOM → BLR,8:25,3/25/2022 12:00,27h 35m,1 stop,In-flight meal not included,10031
Jet Airways,6/5/2019,Kolkata,Banglore,CCU → DEL → BLR,9:35,19:10,9h 35m,1 stop,In-flight meal not included,12384
Jet Airways,9/5/2019,Kolkata,Banglore,CCU → BOM → BLR,14:05,5/10/2022 18:15,28h 10m,1 stop,In-flight meal not included,7757
Jet Airways,6/3/2019,Banglore,New Delhi,BLR → BOM → DEL,21:25,3/7/2022 11:25,14h,1 stop,No info,17261
SpiceJet,1/3/2019,Chennai,Kolkata,MAA → CCU,9:30,12:05,2h 35m,non-stop,No info,7298
Jet Airways,6/4/2019,Banglore,Delhi,BLR → DEL,15:15,18:10,2h 55m,non-stop,No info,7229
IndiGo,1/4/2019,Kolkata,Banglore,CCU → BLR,4:40,7:15,2h 35m,non-stop,No info,4174
IndiGo,18/05/2019,Kolkata,Banglore,CCU → MAA → BLR,17:35,22:15,4h 40m,1 stop,No info,5699
Air India,24/04/2019,Kolkata,Banglore,CCU → BLR,14:15,16:45,2h 30m,non-stop,No info,4880
Air India,6/3/2019,Delhi,Cochin,DEL → BOM → COK,8:00,19:15,11h 15m,1 stop,No info,15284
Jet Airways,24/03/2019,Kolkata,Banglore,CCU → BOM → BLR,8:25,16:20,7h 55m,1 stop,No info,13759
Vistara,24/03/2019,Kolkata,Banglore,CCU → DEL → BLR,9:55,18:45,8h 50m,1 stop,No info,16092
IndiGo,9/3/2019,Mumbai,Hyderabad,BOM → HYD,6:20,7:45,1h 25m,non-stop,No info,4392
Jet Airways,24/06/2019,Delhi,Cochin,DEL → BOM → COK,20:55,6/25/2022 12:35,15h 40m,1 stop,In-flight meal not included,10262
SpiceJet,12/6/2019,Kolkata,Banglore,CCU → BLR,6:55,9:30,2h 35m,non-stop,No check-in baggage included,3841
GoAir,1/6/2019,Banglore,Delhi,BLR → DEL,7:45,10:40,2h 55m,non-stop,No info,5048
Air India,21/05/2019,Kolkata,Banglore,CCU → DEL → BLR,7:00,20:25,13h 25m,1 stop,No info,11096
IndiGo,24/04/2019,Delhi,Cochin,DEL → HYD → COK,7:35,12:10,4h 35m,1 stop,No info,5073
Jet Airways,3/3/2019,Delhi,Cochin,DEL → BOM → COK,9:55,3/4/2022 4:25,18h 30m,1 stop,No info,19828
Vistara,21/03/2019,Chennai,Kolkata,MAA → CCU,7:05,9:20,2h 15m,non-stop,No info,3739
Air India,9/3/2019,Delhi,Cochin,DEL → AMD → BOM → COK,5:00,3/10/2022 19:15,38h 15m,2 stops,No info,10598
Jet Airways,15/06/2019,Banglore,Delhi,BLR → DEL,18:55,22:00,3h 5m,non-stop,In-flight meal not included,7229
Vistara,1/4/2019,Kolkata,Banglore,CCU → DEL → BLR,17:00,4/2/2022 18:50,25h 50m,1 stop,No info,8610
Vistara,9/5/2019,Delhi,Cochin,DEL → COK,14:40,17:50,3h 10m,non-stop,No info,6216
Air India,9/6/2019,Banglore,Delhi,BLR → DEL,13:20,16:10,2h 50m,non-stop,No info,6961
Jet Airways,6/5/2019,Kolkata,Banglore,CCU → DEL → BLR,9:35,21:05,11h 30m,1 stop,In-flight meal not included,10703
Jet Airways,15/05/2019,Kolkata,Banglore,CCU → DEL → BLR,17:00,23:35,6h 35m,1 stop,No info,14151
Jet Airways,9/5/2019,Kolkata,Banglore,CCU → BOM → BLR,6:30,5/10/2022 10:05,27h 35m,1 stop,In-flight meal not included,8586
IndiGo,12/4/2019,Kolkata,Banglore,CCU → BLR,20:20,22:55,2h 35m,non-stop,No info,4488
Multiple carriers,15/06/2019,Delhi,Cochin,DEL → BOM → COK,18:00,6/16/2022 1:30,7h 30m,1 stop,No info,7408
Jet Airways,18/04/2019,Delhi,Cochin,DEL → COK,11:00,14:15,3h 15m,non-stop,In-flight meal not included,5443
Jet Airways,12/6/2019,Kolkata,Banglore,CCU → DEL → BLR,9:35,19:10,9h 35m,1 stop,In-flight meal not included,10539
Multiple carriers,1/6/2019,Delhi,Cochin,DEL → BOM → COK,13:00,6/2/2022 1:30,12h 30m,1 stop,No info,7723
Multiple carriers,6/3/2019,Delhi,Cochin,DEL → BOM → COK,7:30,18:50,11h 20m,1 stop,No info,15411
Jet Airways,21/05/2019,Banglore,Delhi,BLR → DEL,7:10,10:10,3h,non-stop,No info,7229
IndiGo,21/06/2019,Kolkata,Banglore,CCU → BLR,20:20,22:55,2h 35m,non-stop,No info,4804
Jet Airways,3/3/2019,Mumbai,Hyderabad,BOM → HYD,2:55,4:25,1h 30m,non-stop,In-flight meal not included,4050
Jet Airways,18/05/2019,Kolkata,Banglore,CCU → DEL → BLR,17:00,5/19/2022 19:10,26h 10m,1 stop,No info,14151
SpiceJet,6/4/2019,Delhi,Cochin,DEL → BLR → COK,17:55,22:50,4h 55m,1 stop,No info,4957
Air India,3/3/2019,Banglore,New Delhi,BLR → DEL,21:10,23:55,2h 45m,non-stop,No info,7591
Jet Airways,24/03/2019,Kolkata,Banglore,CCU → BOM → BLR,13:55,22:35,8h 40m,1 stop,In-flight meal not included,11134
IndiGo,27/05/2019,Delhi,Cochin,DEL → HYD → COK,5:05,12:10,7h 5m,1 stop,No info,6600
Air India,9/3/2019,Banglore,New Delhi,BLR → DEL,21:10,23:55,2h 45m,non-stop,No info,4966
Air India,1/6/2019,Delhi,Cochin,DEL → CCU → BOM → COK,6:50,6/2/2022 7:40,24h 50m,2 stops,No info,15481
SpiceJet,1/3/2019,Kolkata,Banglore,CCU → BLR,22:20,3/2/2022 0:40,2h 20m,non-stop,No info,5515
Jet Airways,15/06/2019,Delhi,Cochin,DEL → BOM → COK,8:00,19:00,11h,1 stop,No info,14714
GoAir,15/06/2019,Delhi,Cochin,DEL → BOM → COK,10:35,19:35,9h,1 stop,No info,4959
Jet Airways,21/04/2019,Banglore,Delhi,BLR → DEL,11:10,14:05,2h 55m,non-stop,No info,7229
